"","geoid","name","population","total_race","white","black","hispanic","mean_commute","total_edu","bachelors","graduate","poverty","median_income","gini","median_rent","median_home_value","total_employed","agriculture","construction","manufacturing","retail","information","finance","data_center","n_data_centers","pair_id","group","pop_diff","treated_geoid"
"1","01069","Houston County, Alabama",107040,107040,71260,29166,3844,43430,73993,10616,4321,18878,55064,0.4833,858,164900,45708,404,378,26,2722,3066,1148,1,1,"01069","treated",NA,NA
"2","01071","Jackson County, Alabama",52618,52618,47208,1731,1685,19248,37823,3874,1843,9680,46748,0.4574,702,126900,20405,240,230,10,1491,3781,239,1,3,"01071","treated",NA,NA
"3","01073","Jefferson County, Alabama",672265,672265,338374,287203,27950,279782,457310,96805,41229,103894,63595,0.5049,1086,208900,311193,1475,627,848,15062,21053,6546,1,2,"01073","treated",NA,NA
"4","01089","Madison County, Alabama",389781,389781,254819,95400,20611,169225,267305,71617,38510,40440,78058,0.4695,1043,242900,192922,902,598,304,8907,16081,1516,1,6,"01089","treated",NA,NA
"5","04013","Maricopa County, Arizona",4430871,4430871,2954182,252690,1402753,1798118,2987215,655112,282668,503565,80675,0.4555,1437,371400,2176046,9208,6114,3094,145231,123077,38138,1,54,"04013","treated",NA,NA
"6","05119","Pulaski County, Arkansas",398322,398322,209994,148791,25329,170802,270873,59004,27515,64768,58326,0.517,985,187600,186621,760,505,255,9553,9525,3229,1,1,"05119","treated",NA,NA
"7","05145","White County, Arkansas",77118,77118,68350,3373,3606,30649,50533,6067,2953,11867,51144,0.4621,793,150700,32261,489,296,193,2406,3139,419,1,1,"05145","treated",NA,NA
"8","06001","Alameda County, California",1663823,1663823,565911,169497,369603,656859,1193888,343246,188430,149843,122488,0.4694,2229,999200,870099,1982,1714,268,40578,54662,11705,1,4,"06001","treated",NA,NA
"9","06013","Contra Costa County, California",1162648,1162648,542206,101345,306895,461941,808485,219701,95646,95255,120020,0.4713,2234,787300,573653,2625,2063,562,39110,24536,8189,1,1,"06013","treated",NA,NA
"10","06037","Los Angeles County, California",9936690,9936690,3937901,780993,4837594,4111540,6909650,1542422,568367,1343978,83411,0.4982,1805,732200,4869620,15543,13547,1996,279391,283708,97470,1,8,"06037","treated",NA,NA
"11","06055","Napa County, California",137384,137384,87333,2520,48182,59573,98232,24039,8534,10620,105809,0.4757,2037,794500,68399,2694,2677,17,3663,5799,1150,1,1,"06055","treated",NA,NA
"12","06059","Orange County, California",3175227,3175227,1594137,53753,1077367,1335750,2197677,591937,238150,303810,109361,0.468,2248,862900,1598126,7345,6249,1096,83542,123876,33726,1,2,"06059","treated",NA,NA
"13","06065","Riverside County, California",2429487,2429487,1138018,157125,1233277,951300,1594000,244893,100450,272432,84505,0.4476,1711,462900,1073342,9646,8976,670,92296,62601,20419,1,1,"06065","treated",NA,NA
"14","06067","Sacramento County, California",1579211,1579211,785699,151960,378350,618700,1077155,227553,82498,204388,84010,0.4444,1599,465900,745145,4572,4205,367,46764,29360,12705,1,5,"06067","treated",NA,NA
"15","06073","San Diego County, California",3289701,3289701,1899871,158553,1134647,1381287,2257620,564011,242010,338752,96974,0.4602,2011,725200,1574825,6639,6151,488,91233,107553,22520,1,4,"06073","treated",NA,NA
"16","06075","San Francisco County, California",851036,851036,356474,44058,131517,373511,680343,238669,111452,87849,136689,0.5172,2316,1348700,497881,445,414,31,13472,16075,4968,1,4,"06075","treated",NA,NA
"17","06079","San Luis Obispo County, California",281712,281712,216354,3486,65946,112334,189527,45318,17559,33728,90158,0.4724,1800,726700,131506,3397,3127,270,8961,7125,1718,1,1,"06079","treated",NA,NA
"18","06085","Santa Clara County, California",1916831,1916831,693455,45838,476352,785597,1341405,377331,262781,129834,153792,0.4741,2719,1316800,1002047,3179,3065,114,45428,112250,10936,1,61,"06085","treated",NA,NA
"19","06095","Solano County, California",450995,450995,207575,59699,126198,189711,312706,60316,19531,39705,97037,0.4207,1981,549100,212158,1886,1627,259,15455,12138,3067,1,1,"06095","treated",NA,NA
"20","06099","Stanislaus County, California",552063,552063,316065,15731,268427,214415,350685,44136,13144,75125,74872,0.4418,1433,393300,237110,9283,9114,169,19416,20443,5360,1,1,"06099","treated",NA,NA
"21","08001","Adams County, Colorado",520149,520149,342214,18215,215119,240688,338792,62602,23725,49625,86297,0.4068,1632,425000,275757,3632,1630,2002,29422,15999,5618,1,1,"08001","treated",NA,NA
"22","08005","Arapahoe County, Colorado",654453,654453,422330,71815,132163,292195,450081,125322,56515,51766,92292,0.4571,1708,480500,354417,2222,953,1269,23751,15621,6154,1,8,"08005","treated",NA,NA
"23","08014","Broomfield County, Colorado",73946,73946,60019,984,9747,32037,52126,18430,8967,3679,117541,0.404,1923,581600,41879,181,64,117,1384,3276,891,1,1,"08014","treated",NA,NA
"24","08031","Denver County, Colorado",710800,710800,467213,63002,207519,323655,519431,172213,74659,81703,85853,0.4871,1665,540400,416271,2648,900,1748,25127,16463,6141,1,3,"08031","treated",NA,NA
"25","08035","Douglas County, Colorado",360206,360206,302851,5272,34163,147873,243113,94158,40565,10799,139010,0.3976,1953,635100,197288,1658,854,804,9206,9406,3953,1,2,"08035","treated",NA,NA
"26","08041","El Paso County, Colorado",730323,730323,543305,43818,133004,319899,478864,117443,58200,65325,82748,0.4301,1507,390500,342274,1555,1042,513,23003,14288,3813,1,4,"08041","treated",NA,NA
"27","09110","Capitol Planning Region, Connecticut",977165,977165,654037,123631,174513,421751,675246,154850,90201,101370,88190,0.4723,1297,283800,496708,1224,1063,161,22958,40241,7783,1,1,"09110","treated",NA,NA
"28","09120","Greater Bridgeport Planning Region, Connecticut",326381,326381,213952,39028,66469,137595,221540,52095,30144,42156,83147,0.5152,1446,372000,159994,202,186,16,10360,9210,2460,1,1,"09120","treated",NA,NA
"29","09170","South Central Connecticut Planning Region, Connecticut",571298,571298,385872,76381,107644,251077,395812,81523,51835,64563,83617,0.4821,1408,309600,288553,339,320,19,15181,19932,4281,1,1,"09170","treated",NA,NA
"30","09190","Western Connecticut Planning Region, Connecticut",620666,620666,414266,62311,124884,262656,429296,126881,75387,45652,118930,0.546,1952,595600,322043,438,366,72,19655,15142,5350,1,2,"09190","treated",NA,NA
"31","12001","Alachua County, Florida",279729,279729,181328,54388,30387,116387,169342,40168,22264,53070,57566,0.5195,1191,245600,133225,936,818,118,4904,4177,1572,1,2,"12001","treated",NA,NA
"32","12011","Broward County, Florida",1940907,1940907,925110,550613,610462,858737,1382985,299209,126236,238880,70331,0.4887,1683,348600,985363,1784,1660,124,62891,32371,19403,1,1,"12011","treated",NA,NA
"33","12031","Duval County, Florida",995708,995708,544487,290585,109800,433097,683191,146544,53477,139341,65579,0.4722,1293,251300,484091,577,333,244,28789,17362,8499,1,2,"12031","treated",NA,NA
"34","12057","Hillsborough County, Florida",1468560,1468560,864562,241312,439450,611248,1009935,231039,95352,197369,70612,0.4811,1413,294900,730402,5453,5181,272,50240,26093,12781,1,3,"12057","treated",NA,NA
"35","12086","Miami-Dade County, Florida",2688237,2688237,1259156,426417,1848739,1182271,1918837,388029,148779,403997,64215,0.516,1623,387000,1343356,5914,5407,507,104425,36912,29594,1,4,"12086","treated",NA,NA
"36","12095","Orange County, Florida",1427403,1427403,731351,291433,469883,623920,966029,231437,92629,187454,72629,0.482,1553,329000,729283,1203,1023,180,41989,24355,12739,1,2,"12095","treated",NA,NA
"37","12105","Polk County, Florida",736229,736229,474356,109389,192804,287663,509692,73601,26530,106728,60901,0.4465,1192,215700,320223,2463,2178,285,24148,13468,5290,1,1,"12105","treated",NA,NA
"38","13067","Cobb County, Georgia",765813,765813,404625,210450,103006,326536,519750,163719,69825,62536,94244,0.4449,1535,346000,409632,468,341,127,26371,21666,7749,1,3,"13067","treated",NA,NA
"39","13097","Douglas County, Georgia",144735,144735,56989,70829,15512,60981,93905,17347,8159,16579,76930,0.4255,1326,227800,70280,56,49,7,4391,4253,1510,1,6,"13097","treated",NA,NA
"40","13117","Forsyth County, Georgia",253225,253225,176237,10391,24347,95067,165931,58027,28330,11591,131660,0.3942,1779,451100,130217,406,342,64,6349,8617,2396,1,1,"13117","treated",NA,NA
"41","13121","Fulton County, Georgia",1061944,1061944,435440,460792,77523,427361,730654,242267,125451,128777,86267,0.5294,1529,398300,561697,944,631,313,18223,21188,12348,1,14,"13121","treated",NA,NA
"42","13135","Gwinnett County, Georgia",957977,957977,377684,272622,209070,399556,613696,154792,62531,96291,82296,0.4352,1594,307300,483028,829,667,162,37202,27434,11355,1,4,"13135","treated",NA,NA
"43","13215","Muscogee County, Georgia",204572,204572,83003,95323,16356,81877,134389,22117,11663,37204,54561,0.4843,1038,168400,82874,316,293,23,3527,5498,952,1,2,"13215","treated",NA,NA
"44","13217","Newton County, Georgia",113298,113298,50829,53072,7145,47292,73089,9900,5151,14935,70732,0.4096,1264,200300,52737,123,54,69,3341,4805,1111,1,4,"13217","treated",NA,NA
"45","16007","Bear Lake County, Idaho",6436,6436,6125,8,277,2392,4244,604,226,671,63244,0.4146,636,194700,2723,347,202,145,268,156,24,1,1,"16007","treated",NA,NA
"46","16065","Madison County, Idaho",52487,52487,46754,487,4382,22993,17543,4845,1406,13963,53025,0.5181,916,324300,26702,364,337,27,1112,860,450,1,1,"16065","treated",NA,NA
"47","17019","Champaign County, Illinois",206525,206525,141142,27268,13328,87577,120366,24912,18368,35991,61090,0.4977,977,192600,101124,1059,1051,8,3121,5647,947,1,1,"17019","treated",NA,NA
"48","17031","Cook County, Illinois",5225367,5225367,2580789,1189365,1352482,2186535,3639978,874091,446799,687906,78304,0.5048,1318,293700,2600619,3283,2574,709,111358,163640,41168,1,27,"17031","treated",NA,NA
"49","17037","DeKalb County, Illinois",100686,100686,79772,7734,12356,47376,59829,12450,6161,14841,68617,0.4424,1024,218600,51628,557,517,40,3164,4525,752,1,3,"17037","treated",NA,NA
"50","17043","DuPage County, Illinois",930559,930559,651437,45625,137806,399872,642881,195110,97112,57674,107035,0.4579,1551,361700,489400,1060,738,322,21589,41483,11181,1,8,"17043","treated",NA,NA
"51","17097","Lake County, Illinois",713159,713159,478742,48314,162456,307176,470203,128444,67150,54519,104553,0.4791,1382,313700,357516,702,623,79,15549,36666,8824,1,1,"17097","treated",NA,NA
"52","17119","Madison County, Illinois",265512,265512,225706,22743,9729,114653,184674,34114,15250,31245,71759,0.4443,938,159400,129311,722,592,130,6521,11761,2314,1,1,"17119","treated",NA,NA
"53","18089","Lake County, Indiana",497682,497682,292007,115950,100415,208197,338457,54950,21718,72391,66375,0.4527,1039,195100,226992,557,407,150,15067,26021,3414,1,1,"18089","treated",NA,NA
"54","18105","Monroe County, Indiana",140065,140065,118231,5102,5286,59281,82493,19900,13808,25891,60308,0.4828,1105,240600,70601,185,151,34,2947,4742,668,1,1,"18105","treated",NA,NA
"55","18157","Tippecanoe County, Indiana",186955,186955,145873,11214,16670,81508,103685,22967,11285,32688,55728,0.4776,1020,199300,91808,534,517,17,4106,12603,1102,1,2,"18157","treated",NA,NA
"56","19049","Dallas County, Iowa",100367,100367,85828,2309,6411,45922,65734,22847,8178,5657,99533,0.4354,1198,314900,55396,712,676,36,2193,3237,1229,1,6,"19049","treated",NA,NA
"57","19103","Johnson County, Iowa",153360,153360,121054,11355,9082,73605,90653,26707,12688,24647,72977,0.4945,1086,277800,84763,1048,1006,42,2758,5181,997,1,1,"19103","treated",NA,NA
"58","19121","Madison County, Iowa",16609,16609,15906,213,401,7694,11322,2186,579,1007,88110,0.3697,932,230500,9055,476,476,0,1197,398,286,1,1,"19121","treated",NA,NA
"59","19153","Polk County, Iowa",493378,493378,393717,35994,43942,225279,328511,87045,28694,50072,78827,0.4331,1060,232000,261682,2046,1982,64,15453,17340,5950,1,22,"19153","treated",NA,NA
"60","19155","Pottawattamie County, Iowa",93543,93543,83925,1446,7933,41748,63639,10266,3477,10317,68718,0.43,956,169400,45815,698,678,20,3090,3417,1171,1,20,"19155","treated",NA,NA
"61","19163","Scott County, Iowa",174315,174315,142560,12261,12668,78853,118337,26358,11137,20277,72792,0.4606,919,198000,87296,874,693,181,5581,10830,1542,1,1,"19163","treated",NA,NA
"62","19181","Warren County, Iowa",52709,52709,49561,396,1709,23945,34895,7787,2491,3135,89741,0.3973,943,234300,27607,422,398,24,2355,1626,563,1,6,"19181","treated",NA,NA
"63","20051","Ellis County, Kansas",28921,28921,26212,381,1861,15536,17428,4187,1659,4223,59665,0.4976,864,199100,16719,952,589,363,906,544,223,1,1,"20051","treated",NA,NA
"64","20091","Johnson County, Kansas",610742,610742,500746,29591,49729,271660,415395,142337,67106,31858,103644,0.4459,1312,343300,335476,1408,1151,257,14822,18781,7157,1,5,"20091","treated",NA,NA
"65","21107","Hopkins County, Kentucky",45223,45223,40079,2743,1021,17142,31412,2671,1534,8424,54466,0.4291,815,125800,18087,992,255,737,870,2343,179,1,1,"21107","treated",NA,NA
"66","21111","Jefferson County, Kentucky",779232,779232,526215,171527,48984,342713,540624,115392,56060,107897,66296,0.4798,1045,222200,391362,580,532,48,17510,31802,6456,1,2,"21111","treated",NA,NA
"67","22033","East Baton Rouge Parish, Louisiana",454369,454369,203084,205448,20482,200046,284666,64684,30025,78833,62083,0.5115,1081,232800,217919,1474,524,950,13186,13762,4503,1,1,"22033","treated",NA,NA
"68","23005","Cumberland County, Maine",303357,303357,269937,9630,6895,137372,222300,67158,30995,21265,87710,0.4668,1389,372900,167364,1477,1412,65,8392,9884,2528,1,2,"23005","treated",NA,NA
"69","24003","Anne Arundel County, Maryland",588109,588109,396379,102607,51224,261789,409052,102712,59718,33687,116009,0.4219,1908,432000,299789,519,441,78,20824,9353,4821,1,2,"24003","treated",NA,NA
"70","24005","Baltimore County, Maryland",850737,850737,475191,256007,51697,372389,589611,136268,75168,84846,88157,0.4559,1479,310800,429630,1197,1050,147,21023,17803,6640,1,1,"24005","treated",NA,NA
"71","24027","Howard County, Maryland",332011,332011,168563,66568,24823,140011,225256,69388,51058,17671,140971,0.4133,1920,551300,174305,238,232,6,6500,6052,1991,1,1,"24027","treated",NA,NA
"72","24031","Montgomery County, Maryland",1056910,1056910,492918,195859,211486,430246,729862,198924,143937,75205,125583,0.4689,1957,588900,560749,777,658,119,32203,11341,3892,1,1,"24031","treated",NA,NA
"73","24033","Prince George's County, Maryland",957189,957189,133154,585279,190973,427353,656203,131451,78059,89651,97935,0.4076,1713,380500,500565,728,659,69,43062,6349,4226,1,1,"24033","treated",NA,NA
"74","24510","Baltimore city, Maryland",584548,584548,166154,358028,34381,234416,410221,72434,47683,110509,58349,0.5153,1235,202900,275370,350,258,92,11419,8828,3420,1,6,"24510","treated",NA,NA
"75","25009","Essex County, Massachusetts",806103,806103,582834,35280,183006,359707,562867,138834,72217,76850,94378,0.4828,1580,535300,421898,1080,1028,52,23557,29073,6196,1,1,"25009","treated",NA,NA
"76","25017","Middlesex County, Massachusetts",1623109,1623109,1154437,81837,136457,709917,1145170,330386,227598,117050,121304,0.4723,2004,654300,896385,1747,1455,292,40064,60795,9641,1,1,"25017","treated",NA,NA
"77","26045","Eaton County, Michigan",109072,109072,91615,7658,6321,46292,77481,15772,5747,8156,77158,0.3989,1013,194500,53895,528,477,51,2367,6592,860,1,2,"26045","treated",NA,NA
"78","26049","Genesee County, Michigan",405280,405280,296619,79270,15356,157471,280153,41339,17176,65056,58594,0.4666,893,158400,173444,888,850,38,10139,22428,2616,1,1,"26049","treated",NA,NA
"79","26099","Macomb County, Michigan",878453,878453,680537,108151,25208,382009,623718,107738,46474,85418,73876,0.4261,1124,216200,433289,781,699,82,23613,68414,5949,1,1,"26099","treated",NA,NA
"80","26115","Monroe County, Michigan",154823,154823,142046,3322,6134,64907,109932,15952,6969,16690,72573,0.4237,996,202200,71039,553,410,143,4723,11167,923,1,1,"26115","treated",NA,NA
"81","26125","Oakland County, Michigan",1272264,1272264,913135,167691,57851,546116,906930,253140,145801,97107,92620,0.4667,1243,302800,659664,1060,900,160,27136,96929,9850,1,1,"26125","treated",NA,NA
"82","26163","Wayne County, Michigan",1781641,1781641,905956,670722,112699,664234,1205390,192328,96057,355857,57223,0.4903,1043,158600,760955,1649,1225,424,30314,98361,12180,1,3,"26163","treated",NA,NA
"83","27019","Carver County, Minnesota",107216,107216,95099,1742,4736,47197,70801,23365,8702,4012,116308,0.4152,1384,400500,58541,773,715,58,3186,6087,1413,1,1,"27019","treated",NA,NA
"84","27053","Hennepin County, Minnesota",1270787,1270787,876481,168955,89878,559446,885895,292492,123007,122904,92595,0.4792,1373,358000,703017,2563,2303,260,22225,59346,13740,1,2,"27053","treated",NA,NA
"85","27109","Olmsted County, Minnesota",162307,162307,130706,11333,8649,75831,109809,29258,13739,12551,90420,0.4569,1193,285600,86883,767,764,3,4034,5051,866,1,1,"27109","treated",NA,NA
"86","27137","St. Louis County, Minnesota",200122,200122,182059,3170,3782,87330,137528,27655,10775,26458,66491,0.4531,927,192900,96728,2662,658,2004,6134,5571,1456,1,1,"27137","treated",NA,NA
"87","28149","Warren County, Mississippi",44341,44341,20868,21588,954,18660,30071,4988,2077,7923,54117,0.4743,874,142100,19268,160,120,40,1017,1485,230,1,1,"28149","treated",NA,NA
"88","29019","Boone County, Missouri",184043,184043,145293,17075,6712,87971,111010,30976,15075,31074,66564,0.4753,994,237600,96815,793,719,74,4261,4250,1298,1,1,"29019","treated",NA,NA
"89","29047","Clay County, Missouri",253085,253085,206069,16732,18613,116503,172370,39614,15875,20681,82264,0.4101,1133,237200,133662,907,680,227,6884,11086,2750,1,1,"29047","treated",NA,NA
"90","29095","Jackson County, Missouri",715526,715526,460920,163035,68575,313498,487731,100921,44054,97773,65169,0.458,1096,196900,361456,1187,1124,63,21519,22396,6569,1,2,"29095","treated",NA,NA
"91","29165","Platte County, Missouri",107033,107033,87098,7913,7086,48974,73376,20222,9204,7389,92543,0.4334,1210,288100,56698,283,237,46,2577,3639,1346,1,5,"29165","treated",NA,NA
"92","29510","St. Louis city, Missouri",298018,298018,137897,130753,12834,132775,215632,46330,24885,58373,52941,0.4954,938,174100,154689,326,273,53,5040,8815,2451,1,2,"29510","treated",NA,NA
"93","30039","Granite County, Montana",3368,3368,3156,0,104,1147,2581,634,89,431,53917,0.4883,735,283300,1317,207,143,64,70,35,0,1,1,"30039","treated",NA,NA
"94","31019","Buffalo County, Nebraska",50103,50103,44442,452,4867,25988,31028,7178,2439,5653,70093,0.4441,885,218600,27501,876,830,46,1540,2220,654,1,1,"31019","treated",NA,NA
"95","31055","Douglas County, Nebraska",582638,582638,427980,62372,77807,264868,381023,99805,38869,62856,76083,0.4786,1109,227400,304777,2259,2126,133,20587,16588,5191,1,5,"31055","treated",NA,NA
"96","31153","Sarpy County, Nebraska",191272,191272,159141,7973,20145,92032,123235,32227,14889,10398,95911,0.4018,1203,263000,100375,629,563,66,6706,4563,2054,1,14,"31153","treated",NA,NA
"97","32003","Clark County, Nevada",2265926,2265926,1130071,272038,725437,945241,1560375,271537,98248,299459,69911,0.4706,1406,368800,1057265,2833,1363,1470,68477,27649,12689,1,20,"32003","treated",NA,NA
"98","32029","Storey County, Nevada",4095,4095,3433,81,222,1213,3113,526,321,371,86932,0.4353,913,297800,1344,0,0,0,123,159,10,1,4,"32029","treated",NA,NA
"99","32031","Washoe County, Nevada",486674,486674,330713,12133,123956,221323,339174,66824,29693,52165,81531,0.4658,1401,460000,248193,1333,600,733,17831,16095,5066,1,11,"32031","treated",NA,NA
"100","33015","Rockingham County, New Hampshire",315169,315169,290277,2814,10933,146003,231996,62863,29787,15149,110225,0.4237,1518,424100,174668,395,384,11,11064,16139,3475,1,1,"33015","treated",NA,NA
"101","33017","Strafford County, New Hampshire",130965,130965,117587,1445,3790,60629,87852,21650,9755,11112,83212,0.4318,1308,300200,71642,241,172,69,3077,7780,569,1,1,"33017","treated",NA,NA
"102","34003","Bergen County, New Jersey",953243,953243,593955,54689,205545,413041,674596,208030,97521,63825,118714,0.4733,1782,561500,492359,408,265,143,23110,24095,11562,1,1,"34003","treated",NA,NA
"103","34015","Gloucester County, New Jersey",302621,302621,237645,31612,21577,134979,207727,48158,18370,22231,99668,0.4182,1435,265200,155791,332,244,88,9761,7716,3905,1,1,"34015","treated",NA,NA
"104","34017","Hudson County, New Jersey",712029,712029,294600,85956,302289,317218,512195,140539,73996,99546,86854,0.4994,1722,486900,382543,389,325,64,19789,15112,6582,1,13,"34017","treated",NA,NA
"105","34023","Middlesex County, New Jersey",860147,860147,411593,87996,191469,361969,591318,156153,85932,69626,105206,0.432,1739,411900,433082,343,270,73,19711,24097,9285,1,13,"34023","treated",NA,NA
"106","34025","Monmouth County, New Jersey",643064,643064,504819,42384,72419,277224,454185,138371,63454,40595,118527,0.4765,1683,519300,331132,796,691,105,19874,12284,6498,1,1,"34025","treated",NA,NA
"107","34031","Passaic County, New Jersey",519986,519986,263234,55831,224495,225046,346430,70286,25478,68995,84465,0.4637,1484,413500,251821,253,247,6,14892,19868,5997,1,2,"34031","treated",NA,NA
"108","34035","Somerset County, New Jersey",344978,344978,198971,33100,53476,148154,242607,75626,44946,18097,131948,0.4621,1846,489500,184886,380,319,61,7712,13825,4515,1,15,"34035","treated",NA,NA
"109","34039","Union County, New Jersey",572079,572079,254904,118209,189236,252620,389288,89290,43587,50130,95000,0.4866,1570,458000,292493,297,214,83,18906,15127,6455,1,1,"34039","treated",NA,NA
"110","35001","Bernalillo County, New Mexico",674692,674692,406649,19377,342361,285205,469743,93393,53529,109353,62220,0.4766,1017,247300,321945,2027,1471,556,19239,9991,4999,1,8,"35001","treated",NA,NA
"111","35013","Doña Ana County, New Mexico",219870,219870,128908,4084,151592,84673,134344,23076,13243,48732,51232,0.4812,858,187400,92088,2784,2063,721,7036,3201,969,1,1,"35013","treated",NA,NA
"112","35049","Santa Fe County, New Mexico",154481,154481,104066,1592,78479,60130,116573,24664,15429,18751,70522,0.4861,1252,374200,71477,562,362,200,4654,1342,506,1,1,"35049","treated",NA,NA
"113","35061","Valencia County, New Mexico",76613,76613,48321,1121,46825,26569,52270,5911,4126,13292,56246,0.4526,873,184400,29129,525,409,116,2094,1112,239,1,6,"35061","treated",NA,NA
"114","36001","Albany County, New York",315041,315041,227136,38455,20613,139036,211845,47712,32349,37608,78829,0.4522,1196,263800,160947,532,499,33,5902,7063,1834,1,3,"36001","treated",NA,NA
"115","36029","Erie County, New York",951232,951232,717085,122787,56711,411122,671368,135561,80323,127623,68014,0.4633,984,197400,466028,1424,1092,332,20224,35722,6865,1,2,"36029","treated",NA,NA
"116","36061","New York County, New York",1645867,1645867,842952,230583,428297,691782,1267630,410095,242911,252677,99880,0.598,2024,1104000,888836,461,364,97,14380,12914,8163,1,5,"36061","treated",NA,NA
"117","36063","Niagara County, New York",212230,212230,180212,14059,7542,90871,152567,24288,13706,27046,65882,0.4428,823,163100,100397,539,485,54,5872,10539,1051,1,2,"36063","treated",NA,NA
"118","36067","Onondaga County, New York",472637,472637,362589,52245,25562,200304,324436,65547,40065,63066,71479,0.4622,1002,172800,225907,713,508,205,10575,13666,4684,1,1,"36067","treated",NA,NA
"119","36103","Suffolk County, New York",1524486,1524486,1111855,115996,313371,693798,1067104,225180,140324,97307,122498,0.4428,2113,490800,781818,2165,2118,47,54910,32224,14770,1,1,"36103","treated",NA,NA
"120","36119","Westchester County, New York",997904,997904,571908,145484,257189,411516,695064,177680,123967,83412,114651,0.5347,1796,619000,496164,850,808,42,27828,12552,7432,1,1,"36119","treated",NA,NA
"121","37027","Caldwell County, North Carolina",80716,80716,70428,3496,4967,33388,58269,7183,2172,10551,52362,0.4376,717,158300,36435,102,87,15,2425,5639,1527,1,1,"37027","treated",NA,NA
"122","37035","Catawba County, North Carolina",161011,161011,124060,13044,16667,69531,112106,19436,5683,20605,62070,0.4656,866,194000,75895,162,147,15,3416,13956,1579,1,4,"37035","treated",NA,NA
"123","37045","Cleveland County, North Carolina",99527,99527,72559,20110,4113,40022,68628,8415,3774,17926,50723,0.4637,794,155000,43294,298,255,43,2539,5978,451,1,1,"37045","treated",NA,NA
"124","37063","Durham County, North Carolina",325101,325101,154835,111478,44807,138733,225746,61099,34750,38202,74927,0.4632,1301,311300,171659,540,434,106,9548,7580,1733,1,3,"37063","treated",NA,NA
"125","37119","Mecklenburg County, North Carolina",1115403,1115403,539668,349308,155481,463622,755037,234207,95508,115796,79265,0.4923,1413,334700,603786,1107,919,188,36146,32097,10658,1,5,"37119","treated",NA,NA
"126","37161","Rutherford County, North Carolina",64680,64680,54235,5585,3250,24576,46748,6080,2570,11655,50512,0.4697,729,158200,26708,343,228,115,1836,3029,276,1,4,"37161","treated",NA,NA
"127","37179","Union County, North Carolina",240109,240109,178008,27360,28320,100409,154639,39363,15261,16125,95533,0.4464,1274,336600,120938,970,855,115,9019,10193,2770,1,1,"37179","treated",NA,NA
"128","37183","Wake County, North Carolina",1132103,1132103,692488,222729,117995,459534,764919,258183,123119,90909,96734,0.4505,1412,385700,601289,1977,1258,719,30016,36214,9748,1,4,"37183","treated",NA,NA
"129","39017","Butler County, Ohio",388327,388327,311138,32073,20213,164155,250309,51348,20831,44672,77062,0.4392,1048,224300,186002,575,367,208,9818,22466,2940,1,2,"39017","treated",NA,NA
"130","39023","Clark County, Ohio",135877,135877,115436,11031,5113,55167,93613,10887,5351,20647,58954,0.4225,820,144900,60332,515,420,95,3257,7874,1432,1,1,"39023","treated",NA,NA
"131","39035","Cuyahoga County, Ohio",1256620,1256620,751741,365216,81987,524301,889511,180290,88888,203273,60074,0.508,952,168700,605214,919,664,255,23888,50048,11301,1,3,"39035","treated",NA,NA
"132","39041","Delaware County, Ohio",216074,216074,179350,8523,6294,88370,143354,49877,23892,9668,123995,0.4143,1338,393000,114307,439,315,124,3960,8242,2107,1,1,"39041","treated",NA,NA
"133","39045","Fairfield County, Ohio",159371,159371,133707,13477,4013,68911,107962,22057,9093,13579,82969,0.4209,1042,247800,78317,452,375,77,4945,5102,1526,1,1,"39045","treated",NA,NA
"134","39049","Franklin County, Ohio",1318149,1318149,819022,302564,79457,583779,884031,226726,99691,187488,71070,0.4671,1169,243100,694653,951,795,156,27473,37336,11959,1,22,"39049","treated",NA,NA
"135","39061","Hamilton County, Ohio",827671,827671,541412,210353,31018,359960,560476,135727,62633,120457,68249,0.5052,961,205000,416219,761,543,218,17217,33377,7396,1,2,"39061","treated",NA,NA
"136","39089","Licking County, Ohio",178844,178844,157835,7361,4001,75190,121399,24104,9676,17152,78505,0.4476,960,232200,86878,716,659,57,4536,7157,1045,1,16,"39089","treated",NA,NA
"137","39099","Mahoning County, Ohio",227979,227979,174852,32671,14922,93579,162714,27175,11773,39017,54279,0.4692,753,132000,103872,286,246,40,6274,9761,2018,1,1,"39099","treated",NA,NA
"138","39153","Summit County, Ohio",539361,539361,409561,75371,13165,236253,381738,83276,35556,65839,68360,0.4781,956,182500,270271,662,441,221,13528,29479,5498,1,1,"39153","treated",NA,NA
"139","39159","Union County, Ohio",63411,63411,55745,1581,1443,25963,43037,11101,4345,3131,104496,0.4126,1144,282900,32749,502,479,23,1484,3875,667,1,4,"39159","treated",NA,NA
"140","39165","Warren County, Ohio",243189,243189,207082,8505,7597,102762,164904,44054,22982,12120,103128,0.4333,1254,290900,121923,331,259,72,5175,15043,2181,1,2,"39165","treated",NA,NA
"141","40013","Bryan County, Oklahoma",46528,46528,33332,1010,3199,18883,31086,4972,1867,7399,54289,0.4626,877,151500,20502,572,293,279,1237,1500,273,1,1,"40013","treated",NA,NA
"142","40109","Oklahoma County, Oklahoma",795822,795822,497026,117074,145768,350128,519228,112085,44429,123243,62505,0.491,1008,190500,381875,7673,1599,6074,25241,17780,6611,1,1,"40109","treated",NA,NA
"143","40143","Tulsa County, Oklahoma",668923,668923,436958,66006,91419,290410,439813,95513,34456,94860,65229,0.4861,1002,196300,323969,4539,1181,3358,19558,26951,6260,1,2,"40143","treated",NA,NA
"144","41005","Clackamas County, Oregon",420925,420925,346783,3665,39282,169873,300373,75770,28865,31670,95740,0.4496,1605,532200,206612,2736,2461,275,15313,17060,4855,1,1,"41005","treated",NA,NA
"145","41013","Crook County, Oregon",24987,24987,22504,79,2005,9894,18626,2726,870,1965,74969,0.4092,1129,368200,11300,518,507,11,1204,669,83,1,13,"41013","treated",NA,NA
"146","41017","Deschutes County, Oregon",199352,199352,178997,830,16887,79320,147063,36988,16216,18052,82042,0.461,1550,526200,98636,1580,1548,32,7618,4993,1839,1,1,"41017","treated",NA,NA
"147","41033","Josephine County, Oregon",87994,87994,78007,498,7143,29291,65703,7812,3301,13981,56068,0.4716,1093,353800,33481,871,854,17,1861,2616,344,1,1,"41033","treated",NA,NA
"148","41039","Lane County, Oregon",382218,382218,318993,4046,36603,156747,264813,51671,24344,60298,65157,0.4632,1210,363800,181673,2909,2777,132,11002,14117,3695,1,1,"41039","treated",NA,NA
"149","41047","Marion County, Oregon",345815,345815,247492,4143,96270,139332,230076,37530,14874,43663,70926,0.4289,1228,352500,158165,5519,5422,97,12634,11723,2839,1,2,"41047","treated",NA,NA
"150","41049","Morrow County, Oregon",12140,12140,8492,81,4651,4655,7712,547,258,2020,64975,0.4416,837,213900,5141,726,726,0,254,471,45,1,23,"41049","treated",NA,NA
"151","41051","Multnomah County, Oregon",808098,808098,585219,43931,99498,349984,598188,171363,76500,96850,83668,0.4729,1515,492100,448256,2336,2201,135,19545,28756,7680,1,2,"41051","treated",NA,NA
"152","41059","Umatilla County, Oregon",79904,79904,60983,612,22413,31644,52883,6067,2827,8868,70322,0.4128,930,236800,33979,1987,1943,44,1899,2170,458,1,25,"41059","treated",NA,NA
"153","41065","Wasco County, Oregon",26639,26639,21820,82,5309,10740,18770,2493,989,3049,61316,0.483,925,298200,11870,899,874,25,705,719,189,1,2,"41065","treated",NA,NA
"154","41067","Washington County, Oregon",599541,599541,412135,13785,104252,253561,417204,116615,52344,48495,100121,0.4303,1695,504300,316457,2411,2379,32,15995,39217,6781,1,23,"41067","treated",NA,NA
"155","42003","Allegheny County, Pennsylvania",1245310,1245310,969070,158051,29272,528444,902730,229538,114694,134587,72537,0.4835,1050,200200,640039,2038,736,1302,29149,36387,10395,1,2,"42003","treated",NA,NA
"156","42077","Lehigh County, Pennsylvania",374110,374110,259995,26088,101726,161253,255117,50875,22231,43587,74973,0.4614,1259,254500,183365,548,487,61,8284,17519,4791,1,2,"42077","treated",NA,NA
"157","42091","Montgomery County, Pennsylvania",856399,856399,650218,78309,48524,363949,603213,174882,93354,52365,107441,0.4694,1514,382300,451495,995,694,301,21867,35221,7789,1,2,"42091","treated",NA,NA
"158","42101","Philadelphia County, Pennsylvania",1593208,1593208,590860,638907,249723,618236,1090012,204967,107311,351811,57537,0.5178,1250,215500,736737,1372,1047,325,27343,30862,9338,1,1,"42101","treated",NA,NA
"159","45003","Aiken County, South Carolina",169865,169865,114221,42219,10466,68104,120157,22589,9736,23653,63212,0.454,973,181800,74124,756,488,268,4527,8448,879,1,1,"45003","treated",NA,NA
"160","45015","Berkeley County, South Carolina",231419,231419,148806,54006,16866,104080,154846,28413,12494,24818,77874,0.4299,1410,253100,108726,423,398,25,8057,10316,1611,1,10,"45015","treated",NA,NA
"161","45051","Horry County, South Carolina",356578,356578,282022,44046,22350,138854,266541,43751,17456,45882,59880,0.4476,1128,235000,154728,461,423,38,12609,4628,1999,1,1,"45051","treated",NA,NA
"162","46099","Minnehaha County, South Dakota",197742,197742,162678,12350,11009,99624,130706,31242,9808,16775,73110,0.4288,927,246200,110635,1245,1120,125,7809,9019,2712,1,1,"46099","treated",NA,NA
"163","47037","Davidson County, Tennessee",709786,709786,423888,186862,75237,329878,495381,140915,56603,98696,71863,0.4944,1394,354700,396132,622,607,15,21551,18447,6069,1,3,"47037","treated",NA,NA
"164","47057","Grainger County, Tennessee",23648,23648,22665,320,862,8721,17170,1377,778,4118,47098,0.4852,648,151200,9746,178,145,33,914,1289,193,1,1,"47057","treated",NA,NA
"165","47125","Montgomery County, Tennessee",222305,222305,145652,44841,23819,97959,137996,26757,11880,25950,67890,0.4041,1128,226400,94591,273,187,86,5557,8337,1410,1,4,"47125","treated",NA,NA
"166","47145","Roane County, Tennessee",53777,53777,49424,1450,1201,21204,39812,5161,2506,6466,66460,0.467,753,193400,23668,100,57,43,1536,1939,349,1,1,"47145","treated",NA,NA
"167","47165","Sumner County, Tennessee",196845,196845,162426,16573,11143,86129,135793,28742,10058,18315,81883,0.4334,1245,332700,99744,377,361,16,6538,7325,2369,1,4,"47165","treated",NA,NA
"168","47187","Williamson County, Tennessee",248897,248897,210242,9729,12682,97648,163046,63976,26533,10337,125943,0.4468,1817,611100,127487,313,280,33,5102,6902,2762,1,4,"47187","treated",NA,NA
"169","48029","Bexar County, Texas",2014059,2014059,1150364,153125,1229072,857908,1297977,244258,107776,299972,67275,0.4641,1212,222300,957948,7952,1407,6545,71287,37768,15296,1,27,"48029","treated",NA,NA
"170","48085","Collin County, Texas",1079153,1079153,646170,112804,168844,438712,711181,240100,114983,67718,113255,0.4332,1689,411100,565939,3070,900,2170,24926,32550,10543,1,11,"48085","treated",NA,NA
"171","48113","Dallas County, Texas",2604053,2604053,1208531,585997,1066429,1142271,1681632,353037,154247,359882,70732,0.4923,1374,252200,1319521,5835,1374,4461,127490,71714,25907,1,15,"48113","treated",NA,NA
"172","48121","Denton County, Texas",914870,914870,591538,95197,180694,402244,611044,193763,79113,66977,104180,0.4345,1496,377000,501458,2801,945,1856,25334,28624,10313,1,2,"48121","treated",NA,NA
"173","48139","Ellis County, Texas",195509,195509,135604,24584,53807,88749,125963,24046,9210,15850,93248,0.4014,1345,275800,99369,1099,454,645,7943,9633,2132,1,7,"48139","treated",NA,NA
"174","48201","Harris County, Texas",4726177,4726177,2175176,893393,2076103,2021348,3032681,629798,258583,737681,70789,0.4973,1269,235300,2285175,44256,3451,40805,217744,158517,48563,1,6,"48201","treated",NA,NA
"175","48325","Medina County, Texas",51432,51432,35904,1285,27313,19764,34739,4622,2668,5045,73060,0.422,1038,186200,22289,896,321,575,2031,1130,283,1,1,"48325","treated",NA,NA
"176","48339","Montgomery County, Texas",629989,629989,474627,35254,162783,260350,412475,102960,38603,55202,95946,0.4706,1416,293500,301015,10485,498,9987,24837,19821,7669,1,2,"48339","treated",NA,NA
"177","48439","Tarrant County, Texas",2113854,2113854,1178474,364924,630175,928400,1365169,305663,120073,229643,78872,0.4565,1352,269400,1065717,6362,1137,5225,75516,78420,21686,1,7,"48439","treated",NA,NA
"178","48453","Travis County, Texas",1289054,1289054,813829,107055,429581,558573,901585,301552,131365,142451,92731,0.4772,1561,444800,736834,3239,881,2358,42276,38553,10245,1,14,"48453","treated",NA,NA
"179","49035","Salt Lake County, Utah",1180643,1180643,880344,21531,225177,524533,754424,182997,71199,94306,90011,0.4295,1394,440400,629317,3586,1137,2449,44000,41350,10861,1,6,"49035","treated",NA,NA
"180","49049","Utah County, Utah",666021,666021,574586,4091,83047,271734,335378,99898,32451,57565,91263,0.4214,1330,443000,326244,2079,1199,880,22051,21276,5395,1,5,"49049","treated",NA,NA
"181","51047","Culpeper County, Virginia",52822,52822,37713,7070,6546,23397,35453,6226,2602,3752,92359,0.4128,1383,369600,25794,262,250,12,2220,1560,365,1,1,"51047","treated",NA,NA
"182","51059","Fairfax County, Virginia",1145354,1145354,620521,113057,189282,479017,782543,248678,185979,67901,145165,0.4323,2159,666900,610265,576,504,72,27077,10171,4008,1,22,"51059","treated",NA,NA
"183","51061","Fauquier County, Virginia",73290,73290,60832,4844,7224,32701,50357,12142,5486,4241,122785,0.4165,1468,501200,38689,685,643,42,3034,1087,534,1,1,"51061","treated",NA,NA
"184","51069","Frederick County, Virginia",92007,92007,79098,3902,9317,40378,64068,10918,5958,6114,92443,0.4042,1347,333600,44888,500,410,90,3691,2955,918,1,1,"51069","treated",NA,NA
"185","51087","Henrico County, Virginia",333120,333120,175515,98712,20442,143069,232800,62157,31376,27770,82424,0.4656,1380,309700,176922,379,227,152,9310,7271,2975,1,6,"51087","treated",NA,NA
"186","51107","Loudoun County, Virginia",420773,420773,241853,32190,58198,173164,272771,97356,60957,15706,170463,0.3919,2195,657000,228835,875,746,129,9458,6695,1890,1,199,"51107","treated",NA,NA
"187","51117","Mecklenburg County, Virginia",30367,30367,18941,10123,941,11464,22650,2959,1654,5508,51265,0.4766,784,157800,12561,242,193,49,797,999,250,1,1,"51117","treated",NA,NA
"188","51153","Prince William County, Virginia",481114,481114,241644,99551,120125,212429,308899,79259,45133,28768,123193,0.3921,1907,472000,247709,496,481,15,19634,4844,2381,1,58,"51153","treated",NA,NA
"189","51660","Harrisonburg city, Virginia",51784,51784,36781,3881,10762,21794,26275,5194,2878,12123,56050,0.4802,1060,263700,24694,291,291,0,1365,1850,356,1,1,"51660","treated",NA,NA
"190","51680","Lynchburg city, Virginia",79166,79166,49660,21824,3688,32544,44182,10012,4746,12033,56243,0.4484,972,196000,36550,129,60,69,1489,2560,283,1,2,"51680","treated",NA,NA
"191","53007","Chelan County, Washington",79076,79076,55416,401,22645,33844,54434,10471,3914,7212,71876,0.4542,1142,412300,37236,2860,2849,11,2432,1497,757,1,3,"53007","treated",NA,NA
"192","53017","Douglas County, Washington",43189,43189,27842,198,14400,18744,28706,4466,1253,3402,79422,0.4467,1181,366800,20627,2874,2840,34,1370,856,713,1,13,"53017","treated",NA,NA
"193","53025","Grant County, Washington",99145,99145,61533,1024,42453,39176,60723,7832,2254,14019,66387,0.4291,979,244500,43461,7635,7635,0,1975,3524,790,1,38,"53025","treated",NA,NA
"194","53033","King County, Washington",2254371,2254371,1325673,146998,228873,938586,1622636,519110,267894,187794,116340,0.4766,1950,761500,1238729,3709,3491,218,55235,71657,17110,1,15,"53033","treated",NA,NA
"195","53053","Pierce County, Washington",918993,918993,624753,65366,109492,398271,622204,117242,47157,77932,91486,0.42,1604,444600,438855,2192,1881,311,34157,30645,10059,1,3,"53053","treated",NA,NA
"196","53061","Snohomish County, Washington",828337,828337,570661,28662,91866,352191,580338,135876,53933,62171,104083,0.4204,1794,592800,425167,2053,1877,176,33313,43902,6032,1,3,"53061","treated",NA,NA
"197","53063","Spokane County, Washington",538711,538711,456827,10292,34750,216340,371538,76236,30159,64591,70394,0.4524,1123,331600,249238,1922,1600,322,15796,13483,6024,1,4,"53063","treated",NA,NA
"198","53067","Thurston County, Washington",294272,294272,223695,9218,29062,117292,208615,47084,21219,27142,88895,0.4066,1499,411700,134622,1756,1638,118,8881,5940,2196,1,1,"53067","treated",NA,NA
"199","53073","Whatcom County, Washington",226523,226523,181059,2091,22969,96984,152506,34017,15287,28469,77581,0.4463,1370,475000,111457,2233,1841,392,8110,8796,1576,1,1,"53073","treated",NA,NA
"200","54065","Morgan County, West Virginia",17237,17237,16289,27,331,7235,13060,1296,845,1808,61021,0.4028,742,212500,7791,168,102,66,1056,634,164,1,1,"54065","treated",NA,NA
"201","55021","Columbia County, Wisconsin",58272,58272,53933,976,2254,27417,41753,6969,2216,4266,79271,0.4023,911,243600,30765,724,689,35,2286,3685,666,1,1,"55021","treated",NA,NA
"202","55025","Dane County, Wisconsin",559891,559891,450875,28235,37996,266630,370892,120419,51939,59287,84297,0.4526,1268,342900,317881,2254,2195,59,13675,20610,5332,1,1,"55025","treated",NA,NA
"203","55077","Marquette County, Wisconsin",15619,15619,14746,74,600,6375,11727,1232,370,1616,59748,0.4062,773,189500,7032,313,306,7,547,922,78,1,1,"55077","treated",NA,NA
"204","55079","Milwaukee County, Wisconsin",933063,933063,506296,243518,150011,398009,620640,130326,53778,162787,59319,0.4729,1012,2e+05,452838,1553,1467,86,17583,47863,6575,1,3,"55079","treated",NA,NA
"205","55101","Racine County, Wisconsin",197068,197068,150173,21344,28478,86806,135029,25327,9872,21743,72658,0.4345,985,226500,96247,732,702,30,6390,13900,1722,1,1,"55101","treated",NA,NA
"206","55133","Waukesha County, Wisconsin",407290,407290,362828,6480,20929,187101,289847,90538,33328,19932,101639,0.442,1235,352600,217962,415,270,145,11402,28025,4734,1,1,"55133","treated",NA,NA
"207","56021","Laramie County, Wyoming",100316,100316,85134,2367,15560,46810,68410,13178,5764,8831,76282,0.439,1043,295800,48854,1172,530,642,3563,1312,911,1,14,"56021","treated",NA,NA
"208","01083","Limestone County, Alabama",104199,104199,80040,13714,6588,43611,73067,13776,6347,11287,80146,0.4272,861,229400,48090,754,614,140,3413,7067,604,0,0,"01069","control",2841,"01069"
"209","01031","Coffee County, Alabama",53559,53559,38834,8997,4500,21973,36556,4786,2424,8592,62199,0.4354,921,162200,21804,421,375,46,1045,1411,346,0,0,"01071","control",941,"01071"
"210","01097","Mobile County, Alabama",413878,413878,234657,150071,12565,162920,279868,43806,17851,71353,55352,0.4694,973,164600,176289,1562,706,856,11841,17303,3361,0,0,"01073","control",258387,"01073"
"211","01097","Mobile County, Alabama",413878,413878,234657,150071,12565,162920,279868,43806,17851,71353,55352,0.4694,973,164600,176289,1562,706,856,11841,17303,3361,0,0,"01089","control",24097,"01089"
"212","04019","Pima County, Arizona",1042393,1042393,686722,36039,397081,405442,705718,140892,74070,151733,64323,0.4679,1071,258300,462957,3650,1071,2579,27185,24661,6012,0,0,"04013","control",3388478,"04013"
"213","05007","Benton County, Arkansas",286528,286528,205967,5374,49721,123652,188577,43246,18618,22289,85269,0.4565,1113,254000,142914,1502,1189,313,10132,11685,2396,0,0,"05119","control",111794,"05119"
"214","05085","Lonoke County, Arkansas",74292,74292,64497,4108,3590,32470,49756,6608,2839,8680,68078,0.4211,944,169600,33414,730,599,131,2457,1665,885,0,0,"05145","control",2826,"05145"
"215","06071","San Bernardino County, California",2180563,2180563,975461,171762,1200147,860959,1388742,201183,81561,294246,77423,0.439,1584,438000,955659,4529,3761,768,69896,55709,20525,0,0,"06001","control",516740,"06001"
"216","06019","Fresno County, California",1008280,1008280,483826,45035,546774,377707,624392,96794,32332,193675,67756,0.473,1207,338200,423399,26771,26449,322,23593,19381,9115,0,0,"06013","control",154368,"06013"
"217","06071","San Bernardino County, California",2180563,2180563,975461,171762,1200147,860959,1388742,201183,81561,294246,77423,0.439,1584,438000,955659,4529,3761,768,69896,55709,20525,0,0,"06037","control",7756127,"06037"
"218","06023","Humboldt County, California",136132,136132,102072,1866,17129,51945,93612,19011,6619,26394,57881,0.4811,1191,386000,60483,2196,2126,70,4364,1859,808,0,0,"06055","control",1252,"06055"
"219","06071","San Bernardino County, California",2180563,2180563,975461,171762,1200147,860959,1388742,201183,81561,294246,77423,0.439,1584,438000,955659,4529,3761,768,69896,55709,20525,0,0,"06059","control",994664,"06059"
"220","06071","San Bernardino County, California",2180563,2180563,975461,171762,1200147,860959,1388742,201183,81561,294246,77423,0.439,1584,438000,955659,4529,3761,768,69896,55709,20525,0,0,"06065","control",248924,"06065"
"221","06019","Fresno County, California",1008280,1008280,483826,45035,546774,377707,624392,96794,32332,193675,67756,0.473,1207,338200,423399,26771,26449,322,23593,19381,9115,0,0,"06067","control",570931,"06067"
"222","06071","San Bernardino County, California",2180563,2180563,975461,171762,1200147,860959,1388742,201183,81561,294246,77423,0.439,1584,438000,955659,4529,3761,768,69896,55709,20525,0,0,"06073","control",1109138,"06073"
"223","06111","Ventura County, California",842009,842009,544398,15042,367039,352673,575974,125787,51062,74315,102141,0.4497,2140,719100,409387,14360,13595,765,23156,27710,7720,0,0,"06075","control",9027,"06075"
"224","06047","Merced County, California",282290,282290,117491,8329,174732,100616,168503,17165,5319,51272,64772,0.4581,1200,342300,110712,10075,9996,79,8539,9052,2711,0,0,"06079","control",578,"06079"
"225","06071","San Bernardino County, California",2180563,2180563,975461,171762,1200147,860959,1388742,201183,81561,294246,77423,0.439,1584,438000,955659,4529,3761,768,69896,55709,20525,0,0,"06085","control",263732,"06085"
"226","06083","Santa Barbara County, California",445213,445213,270657,8431,207576,181743,277891,59212,25044,57513,92332,0.4886,1964,714800,208588,11365,10920,445,12689,9788,2786,0,0,"06095","control",5782,"06095"
"227","06097","Sonoma County, California",488436,488436,330543,7589,136614,210664,354851,82815,33801,42925,99266,0.4588,2029,748500,247915,4296,4142,154,20078,16213,3807,0,0,"06099","control",63627,"06099"
"228","08059","Jefferson County, Colorado",580519,580519,487122,6641,91503,255814,424697,132350,56924,38194,103167,0.4272,1696,556800,322035,3084,1043,2041,20379,16671,5530,0,0,"08001","control",60370,"08001"
"229","08059","Jefferson County, Colorado",580519,580519,487122,6641,91503,255814,424697,132350,56924,38194,103167,0.4272,1696,556800,322035,3084,1043,2041,20379,16671,5530,0,0,"08005","control",73934,"08005"
"230","08045","Garfield County, Colorado",61683,61683,47221,458,18223,30138,41298,8965,3296,4917,82772,0.4178,1444,449300,34042,922,559,363,4248,772,546,0,0,"08014","control",12263,"08014"
"231","08059","Jefferson County, Colorado",580519,580519,487122,6641,91503,255814,424697,132350,56924,38194,103167,0.4272,1696,556800,322035,3084,1043,2041,20379,16671,5530,0,0,"08031","control",130281,"08031"
"232","08069","Larimer County, Colorado",359363,359363,309396,3447,43915,156700,239134,73222,34627,40057,87199,0.4502,1584,488300,191817,2581,1276,1305,11587,13899,3159,0,0,"08035","control",843,"08035"
"233","08059","Jefferson County, Colorado",580519,580519,487122,6641,91503,255814,424697,132350,56924,38194,103167,0.4272,1696,556800,322035,3084,1043,2041,20379,16671,5530,0,0,"08041","control",149804,"08041"
"234","09140","Naugatuck Valley Planning Region, Connecticut",451887,451887,311573,52205,86177,201540,320582,60414,35458,45555,82939,0.4633,1218,273500,227485,461,353,108,13647,20208,3370,0,0,"09110","control",525278,"09110"
"235","09180","Southeastern Connecticut Planning Region, Connecticut",280293,280293,221146,16191,31878,123815,197755,38034,22122,26614,80330,0.4363,1254,275900,136582,528,428,100,7265,14486,1538,0,0,"09120","control",46088,"09120"
"236","09140","Naugatuck Valley Planning Region, Connecticut",451887,451887,311573,52205,86177,201540,320582,60414,35458,45555,82939,0.4633,1218,273500,227485,461,353,108,13647,20208,3370,0,0,"09170","control",119411,"09170"
"237","09140","Naugatuck Valley Planning Region, Connecticut",451887,451887,311573,52205,86177,201540,320582,60414,35458,45555,82939,0.4633,1218,273500,227485,461,353,108,13647,20208,3370,0,0,"09190","control",168779,"09190"
"238","12109","St. Johns County, Florida",278722,278722,232319,15352,22235,102693,198819,58157,26225,18720,100020,0.4577,1601,416100,129898,926,853,73,6686,5111,2256,0,0,"12001","control",1007,"12001"
"239","12099","Palm Beach County, Florida",1494805,1494805,919163,276750,350700,599338,1099423,258721,109438,166938,76066,0.5206,1700,368300,699009,4864,4573,291,51885,21079,12353,0,0,"12011","control",446102,"12011"
"240","12103","Pinellas County, Florida",959918,959918,738122,96357,99956,386987,745450,167442,65135,107865,66406,0.4901,1389,284300,460773,1027,894,133,23108,22401,7400,0,0,"12031","control",35790,"12031"
"241","12099","Palm Beach County, Florida",1494805,1494805,919163,276750,350700,599338,1099423,258721,109438,166938,76066,0.5206,1700,368300,699009,4864,4573,291,51885,21079,12353,0,0,"12057","control",26245,"12057"
"242","12099","Palm Beach County, Florida",1494805,1494805,919163,276750,350700,599338,1099423,258721,109438,166938,76066,0.5206,1700,368300,699009,4864,4573,291,51885,21079,12353,0,0,"12086","control",1193432,"12086"
"243","12099","Palm Beach County, Florida",1494805,1494805,919163,276750,350700,599338,1099423,258721,109438,166938,76066,0.5206,1700,368300,699009,4864,4573,291,51885,21079,12353,0,0,"12095","control",67402,"12095"
"244","12071","Lee County, Florida",772902,772902,574580,62126,178802,289064,583335,108170,46394,89142,69368,0.4799,1466,290900,332507,1591,1507,84,34404,7670,4869,0,0,"12105","control",36673,"12105"
"245","13089","DeKalb County, Georgia",761209,761209,242659,401702,64968,313021,522568,137065,71794,100326,76044,0.4914,1464,301100,388455,490,434,56,15739,16464,6237,0,0,"13067","control",4604,"13067"
"246","13077","Coweta County, Georgia",147449,147449,107301,26607,11189,64536,100309,21935,8631,12209,90031,0.417,1326,291900,73138,369,304,65,3701,6198,1119,0,0,"13097","control",2714,"13097"
"247","13151","Henry County, Georgia",240853,240853,95873,117193,18331,101454,156722,28106,11691,20180,79663,0.3821,1411,245200,118323,319,308,11,5569,6328,2038,0,0,"13117","control",12372,"13117"
"248","13089","DeKalb County, Georgia",761209,761209,242659,401702,64968,313021,522568,137065,71794,100326,76044,0.4914,1464,301100,388455,490,434,56,15739,16464,6237,0,0,"13121","control",300735,"13121"
"249","13089","DeKalb County, Georgia",761209,761209,242659,401702,64968,313021,522568,137065,71794,100326,76044,0.4914,1464,301100,388455,490,434,56,15739,16464,6237,0,0,"13135","control",196768,"13135"
"250","13139","Hall County, Georgia",204953,204953,147504,14002,60087,89030,135246,21466,7824,27392,74153,0.4529,1179,277900,98562,639,588,51,10076,10938,2250,0,0,"13215","control",381,"13215"
"251","13015","Bartow County, Georgia",109410,109410,87427,11887,10489,46659,73182,10517,3359,11700,74812,0.4124,1090,237000,52132,225,198,27,4131,6650,1153,0,0,"13217","control",3888,"13217"
"252","16029","Caribou County, Idaho",7058,7058,6480,0,511,3221,4501,454,187,468,65380,0.3968,709,204400,3366,600,407,193,438,299,26,0,0,"16007","control",622,"16007"
"253","16011","Bingham County, Idaho",48253,48253,38011,79,8786,19966,29380,4176,1200,4939,69433,0.4293,787,230500,21636,1371,1270,101,1953,1997,343,0,0,"16065","control",4234,"16065"
"254","17167","Sangamon County, Illinois",196122,196122,156663,24902,4924,82808,136783,28222,13493,24834,71653,0.4595,927,162400,92721,1238,1137,101,3880,3885,1397,0,0,"17019","control",10403,"17019"
"255","17197","Will County, Illinois",696774,696774,472488,80419,129687,311872,463903,105392,49130,45737,103678,0.4099,1342,283600,359464,1116,914,202,22888,28442,7763,0,0,"17031","control",4528593,"17031"
"256","17115","Macon County, Illinois",103542,103542,78722,17634,2614,41583,71303,11357,4370,15510,59622,0.4661,774,119800,44928,864,861,3,1980,5967,860,0,0,"17037","control",2856,"17037"
"257","17197","Will County, Illinois",696774,696774,472488,80419,129687,311872,463903,105392,49130,45737,103678,0.4099,1342,283600,359464,1116,914,202,22888,28442,7763,0,0,"17043","control",233785,"17043"
"258","17197","Will County, Illinois",696774,696774,472488,80419,129687,311872,463903,105392,49130,45737,103678,0.4099,1342,283600,359464,1116,914,202,22888,28442,7763,0,0,"17097","control",16385,"17097"
"259","17163","St. Clair County, Illinois",256791,256791,158891,72692,11524,110210,175247,31097,17972,34784,68915,0.4503,1002,158500,120199,1041,725,316,5278,7190,1627,0,0,"17119","control",8721,"17119"
"260","18003","Allen County, Indiana",385456,385456,286707,43301,30851,172916,251806,51044,19131,45562,66222,0.4482,924,173600,189834,684,520,164,9716,25342,3603,0,0,"18089","control",112226,"18089"
"261","18095","Madison County, Indiana",130545,130545,111737,10402,6053,53591,91235,11740,5012,17600,60060,0.4367,888,135100,59462,418,405,13,4368,6589,788,0,0,"18105","control",9520,"18105"
"262","18163","Vanderburgh County, Indiana",179900,179900,149945,17554,5426,83368,123502,22056,8570,24763,58839,0.4504,930,162800,89329,502,329,173,4367,11332,1766,0,0,"18157","control",7055,"18157"
"263","19061","Dubuque County, Iowa",98812,98812,89619,2968,2723,45786,66284,14121,5422,9479,73495,0.4432,912,210300,51346,705,693,12,2729,6550,1343,0,0,"19049","control",1555,"19049"
"264","19013","Black Hawk County, Iowa",131041,131041,106818,12800,6217,60148,82951,16143,5828,19808,62329,0.4644,932,172500,66619,670,621,49,3168,8521,1227,0,0,"19103","control",22319,"19103"
"265","19095","Iowa County, Iowa",16575,16575,15771,108,616,7688,11550,1876,533,1490,69787,0.4503,732,175600,8483,370,366,4,651,1081,83,0,0,"19121","control",34,"19121"
"266","19113","Linn County, Iowa",229308,229308,196168,13388,8229,105162,155869,36999,12544,21239,75457,0.4456,878,188800,121318,1323,1163,160,6730,14410,2108,0,0,"19153","control",264070,"19153"
"267","19169","Story County, Iowa",98573,98573,82650,2333,3751,46259,51740,15589,6867,16953,66197,0.4779,991,229100,53259,1001,917,84,2280,3690,992,0,0,"19155","control",5030,"19155"
"268","19013","Black Hawk County, Iowa",131041,131041,106818,12800,6217,60148,82951,16143,5828,19808,62329,0.4644,932,172500,66619,670,621,49,3168,8521,1227,0,0,"19163","control",43274,"19163"
"269","19045","Clinton County, Iowa",46488,46488,42575,1405,1591,20028,32458,4879,1432,5649,61080,0.4319,795,144900,21617,540,490,50,1390,3055,293,0,0,"19181","control",6221,"19181"
"270","20113","McPherson County, Kansas",30085,30085,28218,540,1436,14532,20064,4250,1364,3020,71250,0.3944,871,180900,15658,631,498,133,899,2742,85,0,0,"20051","control",1164,"20051"
"271","20173","Sedgwick County, Kansas",522700,522700,381239,42066,80925,234296,340756,68727,30110,70351,65372,0.4614,937,175700,251132,1868,1221,647,15194,32200,4782,0,0,"20091","control",88042,"20091"
"272","21101","Henderson County, Kentucky",44770,44770,38740,3225,1315,18396,31311,3763,1799,7431,56912,0.4472,775,156200,19627,300,142,158,1422,3143,285,0,0,"21107","control",453,"21107"
"273","21067","Fayette County, Kentucky",321276,321276,230704,47240,23839,149513,209558,54431,26794,46179,66087,0.4901,1065,247900,169451,1560,1466,94,6599,10830,2479,0,0,"21111","control",457956,"21111"
"274","22051","Jefferson Parish, Louisiana",436171,436171,245470,117131,66079,191337,306562,59420,21457,66951,63257,0.4779,1121,231700,208078,1823,575,1248,17376,8224,5374,0,0,"22033","control",18198,"22033"
"275","23031","York County, Maine",212691,212691,197097,2193,4162,96891,158210,33566,14078,16732,79743,0.4179,1166,323500,112736,1030,975,55,7897,10529,1608,0,0,"23005","control",90666,"23005"
"276","24021","Frederick County, Maryland",273829,273829,202183,27723,30072,119708,186771,45788,26944,16599,115724,0.3957,1633,412500,144673,1056,859,197,11583,5354,1721,0,0,"24003","control",314280,"24003"
"277","24021","Frederick County, Maryland",273829,273829,202183,27723,30072,119708,186771,45788,26944,16599,115724,0.3957,1633,412500,144673,1056,859,197,11583,5354,1721,0,0,"24005","control",576908,"24005"
"278","24021","Frederick County, Maryland",273829,273829,202183,27723,30072,119708,186771,45788,26944,16599,115724,0.3957,1633,412500,144673,1056,859,197,11583,5354,1721,0,0,"24027","control",58182,"24027"
"279","24021","Frederick County, Maryland",273829,273829,202183,27723,30072,119708,186771,45788,26944,16599,115724,0.3957,1633,412500,144673,1056,859,197,11583,5354,1721,0,0,"24031","control",783081,"24031"
"280","24021","Frederick County, Maryland",273829,273829,202183,27723,30072,119708,186771,45788,26944,16599,115724,0.3957,1633,412500,144673,1056,859,197,11583,5354,1721,0,0,"24033","control",683360,"24033"
"281","24021","Frederick County, Maryland",273829,273829,202183,27723,30072,119708,186771,45788,26944,16599,115724,0.3957,1633,412500,144673,1056,859,197,11583,5354,1721,0,0,"24510","control",310719,"24510"
"282","25025","Suffolk County, Massachusetts",785443,785443,387745,155625,184846,361225,551133,146861,80599,126977,87669,0.5281,1953,650900,434911,429,307,122,15373,14124,4323,0,0,"25009","control",20660,"25009"
"283","25027","Worcester County, Massachusetts",858898,858898,671257,44660,107201,377599,597824,133862,72394,83304,88524,0.4556,1263,363200,441570,1300,1198,102,26132,36657,6889,0,0,"25017","control",764211,"25017"
"284","26017","Bay County, Michigan",103752,103752,95552,1404,5963,44030,75152,10450,3416,15715,57887,0.4378,786,125000,48294,438,380,58,2510,6463,818,0,0,"26045","control",5320,"26045"
"285","26161","Washtenaw County, Michigan",370231,370231,262172,42895,18908,151664,234408,62954,44756,48358,84245,0.489,1335,336300,188675,613,526,87,5531,17417,1809,0,0,"26049","control",35049,"26049"
"286","26081","Kent County, Michigan",657321,657321,495992,63470,72840,299633,438030,108970,44237,69388,76247,0.4509,1111,242200,342287,1715,1676,39,16712,44589,8750,0,0,"26099","control",221132,"26099"
"287","26021","Berrien County, Michigan",153938,153938,117706,21616,9083,63600,108050,19850,9427,23756,60379,0.4823,885,193600,71098,757,705,52,3556,9383,1011,0,0,"26115","control",885,"26115"
"288","26081","Kent County, Michigan",657321,657321,495992,63470,72840,299633,438030,108970,44237,69388,76247,0.4509,1111,242200,342287,1715,1676,39,16712,44589,8750,0,0,"26125","control",614943,"26125"
"289","26081","Kent County, Michigan",657321,657321,495992,63470,72840,299633,438030,108970,44237,69388,76247,0.4509,1111,242200,342287,1715,1676,39,16712,44589,8750,0,0,"26163","control",1124320,"26163"
"290","27141","Sherburne County, Minnesota",97820,97820,86929,3143,2918,47309,64190,12484,3901,5570,99431,0.3759,1166,306000,53627,402,345,57,5100,6514,1011,0,0,"27019","control",9396,"27019"
"291","27123","Ramsey County, Minnesota",547202,547202,340510,65644,42013,234947,367944,99680,43151,68789,78108,0.4635,1214,289300,283076,1111,1018,93,10879,24265,4712,0,0,"27053","control",723585,"27053"
"292","27145","Stearns County, Minnesota",158622,158622,133861,12826,5978,75688,97939,18295,6576,19300,73105,0.4314,975,241100,84473,2189,1982,207,5894,7929,1611,0,0,"27109","control",3685,"27109"
"293","27145","Stearns County, Minnesota",158622,158622,133861,12826,5978,75688,97939,18295,6576,19300,73105,0.4314,975,241100,84473,2189,1982,207,5894,7929,1611,0,0,"27137","control",41500,"27137"
"294","28151","Washington County, Mississippi",44604,44604,10978,32149,785,15934,29380,3818,1576,12788,38394,0.4957,756,93000,16531,503,475,28,668,1302,375,0,0,"28149","control",263,"28149"
"295","29099","Jefferson County, Missouri",226984,226984,207690,2278,5031,104079,157831,24161,9521,18549,77217,0.3924,957,202500,115322,633,395,238,11083,10400,2095,0,0,"29019","control",42941,"29019"
"296","29099","Jefferson County, Missouri",226984,226984,207690,2278,5031,104079,157831,24161,9521,18549,77217,0.3924,957,202500,115322,633,395,238,11083,10400,2095,0,0,"29047","control",26101,"29047"
"297","29189","St. Louis County, Missouri",999703,999703,641470,241990,31016,422939,693191,181797,97734,94056,78067,0.4972,1119,249400,499992,1743,1402,341,20730,32616,9494,0,0,"29095","control",284177,"29095"
"298","29037","Cass County, Missouri",108205,108205,94004,4765,5264,48350,73862,13604,5617,7440,82473,0.3956,1097,242300,54445,646,619,27,5020,3618,1134,0,0,"29165","control",1172,"29165"
"299","29077","Greene County, Missouri",299188,299188,262675,8997,12382,130459,196608,40170,17081,41987,54968,0.4748,895,182800,145082,713,659,54,6826,9119,2656,0,0,"29510","control",1170,"29510"
"300","30097","Sweet Grass County, Montana",3697,3697,3448,57,85,1640,2593,453,137,219,64872,0.4382,876,271100,1848,263,168,95,278,43,17,0,0,"30039","control",329,"30039"
"301","31079","Hall County, Nebraska",62575,62575,45387,2147,18797,29753,40196,5668,2263,7860,63553,0.444,886,190800,31229,726,710,16,2580,4236,354,0,0,"31019","control",12472,"31019"
"302","31109","Lancaster County, Nebraska",322063,322063,268359,12021,24790,157595,201049,51720,20746,36483,70387,0.451,997,239900,175401,2166,2098,68,10986,11598,2593,0,0,"31055","control",260575,"31055"
"303","31079","Hall County, Nebraska",62575,62575,45387,2147,18797,29753,40196,5668,2263,7860,63553,0.444,886,190800,31229,726,710,16,2580,4236,354,0,0,"31153","control",128697,"31153"
"304","32019","Lyon County, Nevada",59435,59435,46703,563,11216,24008,43054,4970,1502,6114,70026,0.4195,1196,314200,26227,685,232,453,1902,2996,620,0,0,"32003","control",2206491,"32003"
"305","32017","Lincoln County, Nevada",4507,4507,3808,204,330,1451,3187,292,197,288,67412,0.3758,739,171800,1651,60,60,0,220,41,41,0,0,"32029","control",412,"32029"
"306","32019","Lyon County, Nevada",59435,59435,46703,563,11216,24008,43054,4970,1502,6114,70026,0.4195,1196,314200,26227,685,232,453,1902,2996,620,0,0,"32031","control",427239,"32031"
"307","33011","Hillsborough County, New Hampshire",422733,422733,358618,10912,32558,199779,301873,76111,35731,28465,95112,0.4301,1444,356200,236496,765,682,83,15072,23058,3633,0,0,"33015","control",107564,"33015"
"308","33013","Merrimack County, New Hampshire",153918,153918,141787,2451,3802,69268,110798,23235,12637,10722,88806,0.4352,1199,297600,80423,431,360,71,5493,5760,1971,0,0,"33017","control",22953,"33017"
"309","34013","Essex County, New Jersey",853374,853374,302714,322188,204966,346314,573215,124500,62058,125228,73785,0.5486,1404,466500,408082,351,256,95,25285,17649,6274,0,0,"34003","control",99869,"34003"
"310","34001","Atlantic County, New Jersey",274339,274339,164950,37060,54178,117371,191583,37957,13994,34989,73113,0.4777,1268,254100,129611,413,410,3,7459,4679,1578,0,0,"34015","control",28282,"34015"
"311","34029","Ocean County, New Jersey",638691,638691,555742,19810,61991,242668,434506,93595,38555,66258,82379,0.4578,1639,343500,276387,672,593,79,19526,9144,4769,0,0,"34017","control",73338,"34017"
"312","34013","Essex County, New Jersey",853374,853374,302714,322188,204966,346314,573215,124500,62058,125228,73785,0.5486,1404,466500,408082,351,256,95,25285,17649,6274,0,0,"34023","control",6773,"34023"
"313","34029","Ocean County, New Jersey",638691,638691,555742,19810,61991,242668,434506,93595,38555,66258,82379,0.4578,1639,343500,276387,672,593,79,19526,9144,4769,0,0,"34025","control",4373,"34025"
"314","34007","Camden County, New Jersey",522581,522581,304112,100874,94913,220600,360582,74997,33228,64050,82005,0.4702,1264,241300,256795,378,298,80,13926,13145,5023,0,0,"34031","control",2595,"34031"
"315","34021","Mercer County, New Jersey",383732,383732,206314,75624,73707,152929,259959,62306,36469,41079,92697,0.5015,1454,327600,186469,332,296,36,8278,8883,4400,0,0,"34035","control",38754,"34035"
"316","34007","Camden County, New Jersey",522581,522581,304112,100874,94913,220600,360582,74997,33228,64050,82005,0.4702,1264,241300,256795,378,298,80,13926,13145,5023,0,0,"34039","control",49498,"34039"
"317","35043","Sandoval County, New Mexico",149460,149460,90123,3391,60690,57868,103937,20227,9759,14965,76424,0.4189,1280,258100,66950,669,513,156,4569,2719,1235,0,0,"35001","control",525232,"35001"
"318","35043","Sandoval County, New Mexico",149460,149460,90123,3391,60690,57868,103937,20227,9759,14965,76424,0.4189,1280,258100,66950,669,513,156,4569,2719,1235,0,0,"35013","control",70410,"35013"
"319","35043","Sandoval County, New Mexico",149460,149460,90123,3391,60690,57868,103937,20227,9759,14965,76424,0.4189,1280,258100,66950,669,513,156,4569,2719,1235,0,0,"35049","control",5021,"35049"
"320","35025","Lea County, New Mexico",73103,73103,45587,3078,44987,29118,43412,3298,2636,12557,65855,0.4733,1031,162000,30803,5147,516,4631,2684,533,824,0,0,"35061","control",3510,"35061"
"321","36027","Dutchess County, New York",296467,296467,217242,31418,40137,127675,210886,43496,29315,24165,94578,0.4643,1425,348700,148109,1069,923,146,7967,6576,1999,0,0,"36001","control",18574,"36001"
"322","36055","Monroe County, New York",756406,756406,546529,112897,72266,322739,525640,116878,70267,98468,71450,0.4658,1085,182700,373267,1267,1182,85,13563,29536,5254,0,0,"36029","control",194826,"36029"
"323","36005","Bronx County, New York",1443229,1443229,258727,491689,814017,525830,943981,127270,56700,379925,47036,0.5149,1401,501400,583452,815,815,0,28428,11280,6541,0,0,"36061","control",202638,"36061"
"324","36007","Broome County, New York",198365,198365,163872,10808,9431,78842,131196,20751,13617,35991,58317,0.4794,882,139200,87302,561,424,137,4492,6100,1123,0,0,"36063","control",13865,"36063"
"325","36085","Richmond County, New York",492925,492925,326334,48670,92411,202630,344639,72848,37678,50556,96185,0.446,1602,637100,226190,210,164,46,14589,3729,2760,0,0,"36067","control",20288,"36067"
"326","36005","Bronx County, New York",1443229,1443229,258727,491689,814017,525830,943981,127270,56700,379925,47036,0.5149,1401,501400,583452,815,815,0,28428,11280,6541,0,0,"36103","control",81257,"36103"
"327","36055","Monroe County, New York",756406,756406,546529,112897,72266,322739,525640,116878,70267,98468,71450,0.4658,1085,182700,373267,1267,1182,85,13563,29536,5254,0,0,"36119","control",241498,"36119"
"328","37195","Wilson County, North Carolina",78667,78667,36875,31173,8791,32324,54088,7053,3178,15714,49827,0.4757,853,153800,34334,433,416,17,2278,3852,652,0,0,"37027","control",2049,"37027"
"329","37057","Davidson County, North Carolina",169498,169498,137816,16348,13291,69725,119381,17220,4872,23343,58473,0.4358,822,184300,77106,444,409,35,5656,9251,1596,0,0,"37035","control",8487,"37035"
"330","37125","Moore County, North Carolina",100759,100759,79661,10370,7384,39488,72283,17050,8529,9380,77981,0.4474,1084,284000,41529,1003,853,150,2459,2518,535,0,0,"37045","control",1232,"37045"
"331","37051","Cumberland County, North Carolina",335207,335207,151226,124680,41992,145249,208267,36206,14838,55872,55551,0.4499,1098,166600,125174,684,647,37,6544,6639,1424,0,0,"37063","control",10106,"37063"
"332","37081","Guilford County, North Carolina",539557,539557,275155,184784,46429,231338,357540,85562,36371,78085,62880,0.4853,1049,215700,263584,794,794,0,11538,23342,5362,0,0,"37119","control",575846,"37119"
"333","37105","Lee County, North Carolina",63560,63560,43650,12054,12691,27016,43222,6339,2123,9934,60941,0.4309,923,186000,28570,334,321,13,2459,3997,315,0,0,"37161","control",1120,"37161"
"334","37071","Gaston County, North Carolina",228972,228972,166431,39351,18383,97949,158986,27972,9244,27965,62628,0.4589,1005,206700,109133,257,236,21,7837,11370,1833,0,0,"37179","control",11137,"37179"
"335","37081","Guilford County, North Carolina",539557,539557,275155,184784,46429,231338,357540,85562,36371,78085,62880,0.4853,1049,215700,263584,794,794,0,11538,23342,5362,0,0,"37183","control",592546,"37183"
"336","39151","Stark County, Ohio",374199,374199,322098,27867,8727,160834,262027,40551,17480,48133,63130,0.4452,838,164900,179639,1209,651,558,9919,22521,3580,0,0,"39017","control",14128,"39017"
"337","39173","Wood County, Ohio",131564,131564,117113,2660,7862,61626,82400,18369,9084,16241,70537,0.4591,907,203300,68995,428,336,92,3055,9648,1335,0,0,"39023","control",4313,"39023"
"338","39113","Montgomery County, Ohio",536121,536121,377282,109498,18342,226266,368011,65792,34430,78373,61942,0.4586,925,154300,252061,597,391,206,11474,24857,3921,0,0,"39035","control",720499,"39035"
"339","39025","Clermont County, Ohio",208851,208851,194703,2920,4546,92259,145158,27683,12541,17309,79573,0.4365,984,224800,104710,252,208,44,7156,11333,1350,0,0,"39041","control",7223,"39041"
"340","39133","Portage County, Ohio",161217,161217,142780,7585,3327,71345,106257,19883,10984,17374,69796,0.4532,990,197100,83452,848,511,337,4944,9465,1218,0,0,"39045","control",1846,"39045"
"341","39113","Montgomery County, Ohio",536121,536121,377282,109498,18342,226266,368011,65792,34430,78373,61942,0.4586,925,154300,252061,597,391,206,11474,24857,3921,0,0,"39049","control",782028,"39049"
"342","39113","Montgomery County, Ohio",536121,536121,377282,109498,18342,226266,368011,65792,34430,78373,61942,0.4586,925,154300,252061,597,391,206,11474,24857,3921,0,0,"39061","control",291550,"39061"
"343","39103","Medina County, Ohio",182347,182347,170020,2585,4545,83747,128630,30285,12876,10758,89968,0.4163,1053,249700,96311,429,327,102,5623,10378,2047,0,0,"39089","control",3503,"39089"
"344","39085","Lake County, Ohio",232236,232236,204742,10946,11233,106051,168448,33187,13858,17476,76835,0.4165,1027,189600,120537,302,208,94,5826,17400,2764,0,0,"39099","control",4257,"39099"
"345","39113","Montgomery County, Ohio",536121,536121,377282,109498,18342,226266,368011,65792,34430,78373,61942,0.4586,925,154300,252061,597,391,206,11474,24857,3921,0,0,"39153","control",3240,"39153"
"346","39083","Knox County, Ohio",62657,62657,59230,542,1059,25336,41172,6265,2643,7645,71246,0.4104,878,197400,28935,468,361,107,2414,3370,307,0,0,"39159","control",754,"39159"
"347","39085","Lake County, Ohio",232236,232236,204742,10946,11233,106051,168448,33187,13858,17476,76835,0.4165,1027,189600,120537,302,208,94,5826,17400,2764,0,0,"39165","control",10953,"39165"
"348","40113","Osage County, Oklahoma",46004,46004,29305,4878,1945,17588,32682,4458,1735,5548,58189,0.4295,773,155200,19172,651,265,386,1394,1597,306,0,0,"40013","control",524,"40013"
"349","40027","Cleveland County, Oklahoma",295060,295060,215449,14127,28359,134416,188419,39435,18160,36252,71757,0.4387,1073,203900,148128,2374,425,1949,7857,7260,2802,0,0,"40109","control",500762,"40109"
"350","40027","Cleveland County, Oklahoma",295060,295060,215449,14127,28359,134416,188419,39435,18160,36252,71757,0.4387,1073,203900,148128,2374,425,1949,7857,7260,2802,0,0,"40143","control",373863,"40143"
"351","41029","Jackson County, Oregon",222604,222604,189637,1426,31198,86141,160008,29349,12772,29130,67690,0.4562,1208,369500,99195,2383,2258,125,5040,6043,1727,0,0,"41005","control",198321,"41005"
"352","41031","Jefferson County, Oregon",24659,24659,16068,176,5121,9196,17060,2512,803,2984,69345,0.4332,940,307200,10141,566,561,5,581,1031,117,0,0,"41013","control",328,"41013"
"353","41029","Jackson County, Oregon",222604,222604,189637,1426,31198,86141,160008,29349,12772,29130,67690,0.4562,1208,369500,99195,2383,2258,125,5040,6043,1727,0,0,"41017","control",23252,"41017"
"354","41053","Polk County, Oregon",87600,87600,71042,651,13184,34209,57222,10824,5079,10140,77353,0.4627,1219,382200,40471,1019,1006,13,2528,2851,371,0,0,"41033","control",394,"41033"
"355","41029","Jackson County, Oregon",222604,222604,189637,1426,31198,86141,160008,29349,12772,29130,67690,0.4562,1208,369500,99195,2383,2258,125,5040,6043,1727,0,0,"41039","control",159614,"41039"
"356","41029","Jackson County, Oregon",222604,222604,189637,1426,31198,86141,160008,29349,12772,29130,67690,0.4562,1208,369500,99195,2383,2258,125,5040,6043,1727,0,0,"41047","control",123211,"41047"
"357","41037","Lake County, Oregon",8201,8201,7169,21,774,2654,6130,794,321,1505,54663,0.4352,816,169000,3086,403,390,13,95,226,52,0,0,"41049","control",3939,"41049"
"358","41029","Jackson County, Oregon",222604,222604,189637,1426,31198,86141,160008,29349,12772,29130,67690,0.4562,1208,369500,99195,2383,2258,125,5040,6043,1727,0,0,"41051","control",585494,"41051"
"359","41053","Polk County, Oregon",87600,87600,71042,651,13184,34209,57222,10824,5079,10140,77353,0.4627,1219,382200,40471,1019,1006,13,2528,2851,371,0,0,"41059","control",7696,"41059"
"360","41061","Union County, Oregon",26286,26286,23701,257,1368,10487,17596,2916,803,3925,61946,0.4317,930,243400,11508,549,528,21,601,986,122,0,0,"41065","control",353,"41065"
"361","41029","Jackson County, Oregon",222604,222604,189637,1426,31198,86141,160008,29349,12772,29130,67690,0.4562,1208,369500,99195,2383,2258,125,5040,6043,1727,0,0,"41067","control",376937,"41067"
"362","42017","Bucks County, Pennsylvania",645163,645163,540421,25143,38195,284379,464065,119275,59754,35830,107826,0.4446,1461,395800,339862,901,636,265,21118,27911,7340,0,0,"42003","control",600147,"42003"
"363","42129","Westmoreland County, Pennsylvania",354414,354414,329734,8809,4827,151654,263459,52112,23190,33778,69454,0.4512,822,181600,171612,1166,380,786,10391,19446,3766,0,0,"42077","control",19696,"42077"
"364","42017","Bucks County, Pennsylvania",645163,645163,540421,25143,38195,284379,464065,119275,59754,35830,107826,0.4446,1461,395800,339862,901,636,265,21118,27911,7340,0,0,"42091","control",211236,"42091"
"365","42017","Bucks County, Pennsylvania",645163,645163,540421,25143,38195,284379,464065,119275,59754,35830,107826,0.4446,1461,395800,339862,901,636,265,21118,27911,7340,0,0,"42101","control",948045,"42101"
"366","45035","Dorchester County, South Carolina",162139,162139,104519,41248,9906,71424,109799,21108,9345,19665,73686,0.4267,1259,273000,77519,136,101,35,5471,7976,667,0,0,"45003","control",7726,"45003"
"367","45007","Anderson County, South Carolina",204592,204592,159828,30574,8570,86675,140512,23038,9625,28770,62347,0.4689,904,189400,92914,253,231,22,5409,13224,1218,0,0,"45015","control",26827,"45015"
"368","45083","Spartanburg County, South Carolina",330119,330119,228719,66986,25019,141184,223505,34691,16947,46447,61955,0.4505,960,195800,154712,663,610,53,8496,21633,2755,0,0,"45051","control",26459,"45051"
"369","46103","Pennington County, South Dakota",110386,110386,88983,1478,6239,50014,76300,16226,6242,13138,67823,0.467,996,247800,54310,844,545,299,4375,2513,844,0,0,"46099","control",87356,"46099"
"370","47157","Shelby County, Tennessee",926440,926440,339650,498214,62832,390200,610776,123239,59169,164861,59621,0.5133,1103,206100,429064,706,660,46,18468,25687,7833,0,0,"47037","control",216654,"47037"
"371","47133","Overton County, Tennessee",22576,22576,21731,283,419,9354,15952,1427,591,3840,46580,0.5076,777,156000,10201,249,197,52,645,1455,151,0,0,"47057","control",1072,"47057"
"372","47163","Sullivan County, Tennessee",158722,158722,147979,3156,3534,62484,116111,20213,7019,23761,54357,0.4758,793,173000,69206,325,190,135,4438,7730,1197,0,0,"47125","control",63583,"47125"
"373","47107","McMinn County, Tennessee",53532,53532,48210,1864,2421,21179,37686,4266,1502,7109,57982,0.4483,803,173300,22798,226,206,20,1206,4308,320,0,0,"47145","control",245,"47145"
"374","47163","Sullivan County, Tennessee",158722,158722,147979,3156,3534,62484,116111,20213,7019,23761,54357,0.4758,793,173000,69206,325,190,135,4438,7730,1197,0,0,"47165","control",38123,"47165"
"375","47163","Sullivan County, Tennessee",158722,158722,147979,3156,3534,62484,116111,20213,7019,23761,54357,0.4758,793,173000,69206,325,190,135,4438,7730,1197,0,0,"47187","control",90175,"47187"
"376","48215","Hidalgo County, Texas",873167,873167,445353,5389,807715,306420,496398,69445,23007,239276,49371,0.478,875,112700,340953,9925,4306,5619,30699,15380,6951,0,0,"48029","control",1140892,"48029"
"377","48215","Hidalgo County, Texas",873167,873167,445353,5389,807715,306420,496398,69445,23007,239276,49371,0.478,875,112700,340953,9925,4306,5619,30699,15380,6951,0,0,"48085","control",205986,"48085"
"378","48215","Hidalgo County, Texas",873167,873167,445353,5389,807715,306420,496398,69445,23007,239276,49371,0.478,875,112700,340953,9925,4306,5619,30699,15380,6951,0,0,"48113","control",1730886,"48113"
"379","48215","Hidalgo County, Texas",873167,873167,445353,5389,807715,306420,496398,69445,23007,239276,49371,0.478,875,112700,340953,9925,4306,5619,30699,15380,6951,0,0,"48121","control",41703,"48121"
"380","48251","Johnson County, Texas",182690,182690,148833,8234,43088,81127,119361,17706,6349,19045,77058,0.404,1271,225000,86516,1261,613,648,6694,7013,1488,0,0,"48139","control",12819,"48139"
"381","48215","Hidalgo County, Texas",873167,873167,445353,5389,807715,306420,496398,69445,23007,239276,49371,0.478,875,112700,340953,9925,4306,5619,30699,15380,6951,0,0,"48201","control",3853010,"48201"
"382","48073","Cherokee County, Texas",50824,50824,35699,6678,12351,17972,33407,3423,1479,7847,56971,0.4446,883,138500,20080,1309,759,550,1660,1563,202,0,0,"48325","control",608,"48325"
"383","48491","Williamson County, Texas",617396,617396,417463,41744,154605,255763,414552,123988,52779,38840,102851,0.4031,1597,370100,325008,1374,594,780,18047,22045,4641,0,0,"48339","control",12593,"48339"
"384","48215","Hidalgo County, Texas",873167,873167,445353,5389,807715,306420,496398,69445,23007,239276,49371,0.478,875,112700,340953,9925,4306,5619,30699,15380,6951,0,0,"48439","control",1240687,"48439"
"385","48215","Hidalgo County, Texas",873167,873167,445353,5389,807715,306420,496398,69445,23007,239276,49371,0.478,875,112700,340953,9925,4306,5619,30699,15380,6951,0,0,"48453","control",415887,"48453"
"386","49011","Davis County, Utah",363032,363032,317232,4526,37998,152881,215372,54957,21481,21786,101285,0.3966,1407,423200,178388,1019,597,422,10395,13112,2729,0,0,"49035","control",817611,"49035"
"387","49011","Davis County, Utah",363032,363032,317232,4526,37998,152881,215372,54957,21481,21786,101285,0.3966,1407,423200,178388,1019,597,422,10395,13112,2729,0,0,"49049","control",302989,"49049"
"388","51191","Washington County, Virginia",53985,53985,51390,928,878,22176,40259,6328,2526,6303,59116,0.4595,796,181000,23968,394,226,168,1664,2464,435,0,0,"51047","control",1163,"51047"
"389","51810","Virginia Beach city, Virginia",457900,457900,287415,86497,40139,216512,316178,78171,35380,36085,87544,0.4298,1568,343700,224334,402,335,67,11120,9406,3065,0,0,"51059","control",687454,"51059"
"390","51199","York County, Virginia",70238,70238,49774,9227,5100,31708,47433,12821,8105,3262,105154,0.3847,1701,387200,31845,52,52,0,1392,2459,377,0,0,"51061","control",3052,"51061"
"391","51800","Suffolk city, Virginia",94856,94856,46146,39413,4573,42234,64647,12702,6138,8868,87758,0.4477,1376,314400,44358,187,168,19,2193,4217,558,0,0,"51069","control",2849,"51069"
"392","51041","Chesterfield County, Virginia",366019,366019,226434,86495,36094,159062,247120,64038,31571,24163,95757,0.4209,1460,306500,186171,470,275,195,12793,9812,2723,0,0,"51087","control",32899,"51087"
"393","51810","Virginia Beach city, Virginia",457900,457900,287415,86497,40139,216512,316178,78171,35380,36085,87544,0.4298,1568,343700,224334,402,335,67,11120,9406,3065,0,0,"51107","control",37127,"51107"
"394","51145","Powhatan County, Virginia",30503,30503,26240,2685,754,12759,22976,5397,1688,1305,108089,0.372,1170,356500,15352,171,127,44,1570,1134,311,0,0,"51117","control",136,"51117"
"395","51810","Virginia Beach city, Virginia",457900,457900,287415,86497,40139,216512,316178,78171,35380,36085,87544,0.4298,1568,343700,224334,402,335,67,11120,9406,3065,0,0,"51153","control",23214,"51153"
"396","51089","Henry County, Virginia",50760,50760,35943,11636,3070,18357,37373,3474,1698,8035,43694,0.442,686,111800,20188,75,75,0,1094,2771,287,0,0,"51660","control",1024,"51660"
"397","51095","James City County, Virginia",78818,78818,59872,9956,5022,30357,57505,15086,9721,5675,100711,0.4161,1435,396800,34760,57,57,0,1736,1849,389,0,0,"51680","control",348,"51680"
"398","53009","Clallam County, Washington",77333,77333,64701,705,5553,26562,59865,10921,5366,8289,66108,0.4408,1093,353600,30216,851,835,16,2148,1287,362,0,0,"53007","control",1743,"53007"
"399","53047","Okanogan County, Washington",42336,42336,28643,571,9220,15289,29871,4140,1888,7853,58218,0.4214,862,251100,17714,2866,2854,12,1336,343,194,0,0,"53017","control",853,"53017"
"400","53021","Franklin County, Washington",96692,96692,54722,2226,52100,39523,56267,6915,3403,12619,77877,0.4225,1124,308700,43495,4361,4311,50,3281,2444,895,0,0,"53025","control",2453,"53025"
"401","53011","Clark County, Washington",504091,504091,400592,10122,54176,201941,345411,70887,29501,44315,90115,0.4258,1572,453200,242552,1604,1462,142,19788,21117,5516,0,0,"53033","control",1750280,"53033"
"402","53011","Clark County, Washington",504091,504091,400592,10122,54176,201941,345411,70887,29501,44315,90115,0.4258,1572,453200,242552,1604,1462,142,19788,21117,5516,0,0,"53053","control",414902,"53053"
"403","53011","Clark County, Washington",504091,504091,400592,10122,54176,201941,345411,70887,29501,44315,90115,0.4258,1572,453200,242552,1604,1462,142,19788,21117,5516,0,0,"53061","control",324246,"53061"
"404","53011","Clark County, Washington",504091,504091,400592,10122,54176,201941,345411,70887,29501,44315,90115,0.4258,1572,453200,242552,1604,1462,142,19788,21117,5516,0,0,"53063","control",34620,"53063"
"405","53035","Kitsap County, Washington",275411,275411,213401,7468,23470,115871,194382,44914,17325,22101,93675,0.4311,1635,463000,119752,619,557,62,7041,11132,1226,0,0,"53067","control",18861,"53067"
"406","53005","Benton County, Washington",207560,207560,157190,3652,48824,83504,134954,26629,11869,21647,83778,0.4266,1166,338700,94424,3127,3085,42,7360,4957,1582,0,0,"53073","control",18963,"53073"
"407","54041","Lewis County, West Virginia",16920,16920,15733,22,229,6214,12133,1338,521,2812,50552,0.4971,726,134100,6608,620,10,610,490,283,132,0,0,"54065","control",317,"54065"
"408","55015","Calumet County, Wisconsin",52361,52361,47655,509,2459,25495,36408,8314,2503,3052,84151,0.4083,948,234000,28969,601,585,16,1431,5432,728,0,0,"55021","control",5911,"55021"
"409","55009","Brown County, Wisconsin",268393,268393,219486,7100,25363,126921,180495,40059,12796,25358,74066,0.4351,935,226500,141720,1326,1308,18,7458,18247,3030,0,0,"55025","control",291498,"55025"
"410","55003","Ashland County, Wisconsin",16041,16041,13331,249,524,7034,11136,1464,620,2563,57000,0.4447,658,143500,7717,163,157,6,772,851,51,0,0,"55077","control",422,"55077"
"411","55009","Brown County, Wisconsin",268393,268393,219486,7100,25363,126921,180495,40059,12796,25358,74066,0.4351,935,226500,141720,1326,1308,18,7458,18247,3030,0,0,"55079","control",664670,"55079"
"412","55087","Outagamie County, Wisconsin",190611,190611,167326,2764,8995,91977,130100,28991,9286,12949,78705,0.4441,941,224100,102297,1398,1374,24,6599,15848,2159,0,0,"55101","control",6457,"55101"
"413","55009","Brown County, Wisconsin",268393,268393,219486,7100,25363,126921,180495,40059,12796,25358,74066,0.4351,935,226500,141720,1326,1308,18,7458,18247,3030,0,0,"55133","control",138897,"55133"
"414","56025","Natrona County, Wyoming",79506,79506,72388,313,7263,37031,53977,8817,4278,7120,69104,0.4426,945,247600,40661,2787,363,2424,3032,1237,942,0,0,"56021","control",20810,"56021"
